-- phpMyAdmin SQL Dump
-- version 5.0.1
-- https://www.phpmyadmin.net/
--
-- Host: 127.0.0.1
-- Generation Time: Oct 04, 2020 at 02:58 AM
-- Server version: 10.4.11-MariaDB
-- PHP Version: 7.4.3

SET SQL_MODE = "NO_AUTO_VALUE_ON_ZERO";
SET AUTOCOMMIT = 0;
START TRANSACTION;
SET time_zone = "+00:00";


/*!40101 SET @OLD_CHARACTER_SET_CLIENT=@@CHARACTER_SET_CLIENT */;
/*!40101 SET @OLD_CHARACTER_SET_RESULTS=@@CHARACTER_SET_RESULTS */;
/*!40101 SET @OLD_COLLATION_CONNECTION=@@COLLATION_CONNECTION */;
/*!40101 SET NAMES utf8mb4 */;

--
-- Database: `dupas`
--

-- --------------------------------------------------------

--
-- Table structure for table `admin`
--

CREATE TABLE `admin` (
  `admin_id` int(11) NOT NULL,
  `password` text NOT NULL
) ENGINE=InnoDB DEFAULT CHARSET=utf8mb4;

--
-- Dumping data for table `admin`
--

INSERT INTO `admin` (`admin_id`, `password`) VALUES
(101010, 'e10adc3949ba59abbe56e057f20f883e');

-- --------------------------------------------------------

--
-- Table structure for table `allfaculty`
--

CREATE TABLE `allfaculty` (
  `nameEng` text NOT NULL,
  `nameBang` text NOT NULL,
  `email` varchar(50) NOT NULL,
  `dept` text NOT NULL,
  `designation` text NOT NULL,
  `phone` text NOT NULL
) ENGINE=InnoDB DEFAULT CHARSET=utf8mb4;

--
-- Dumping data for table `allfaculty`
--

INSERT INTO `allfaculty` (`nameEng`, `nameBang`, `email`, `dept`, `designation`, `phone`) VALUES
('Hello', 'হ্যালো', 'hello@yahoo.com', 'IIT', 'প্রভাষক', '01317873994'),
('Ifti', 'Hello', 'iftitheshinoda@gmail.com', 'IIT', 'প্রভাষক', '01740022399'),
('sd', 'asdasd', 'sdasdasd@dsda.com', 'asdasdasd', 'প্রভাষক', '001122'),
('HELLYA', 'asdasdad', 'sdasdasdasdasd@sdasdasdad.com', 'asdasdasdasd', 'প্রভাষক', 'asdasdasdad'),
('test', 'test', 'test@test.com', 'test', 'প্রভাষক', '01test');

-- --------------------------------------------------------

--
-- Table structure for table `dept_table`
--

CREATE TABLE `dept_table` (
  `dept_name` varchar(50) NOT NULL,
  `dept_id` varchar(50) NOT NULL
) ENGINE=InnoDB DEFAULT CHARSET=utf8mb4;

--
-- Dumping data for table `dept_table`
--

INSERT INTO `dept_table` (`dept_name`, `dept_id`) VALUES
('বাংলা বিভাগ', '2'),
('মনোবিজ্ঞান বিভাগ', '1'),
('ইতিহাস', '3'),
('তথ্যপ্রযুক্তি ইন্সটিউট', '4');

-- --------------------------------------------------------

--
-- Table structure for table `emails`
--

CREATE TABLE `emails` (
  `ref_number` varchar(12) NOT NULL,
  `recipient` text NOT NULL,
  `send_date` date NOT NULL,
  `subject` text NOT NULL,
  `body` text NOT NULL,
  `deadline` date NOT NULL,
  `reply` tinyint(4) NOT NULL,
  `email` varchar(50) NOT NULL
) ENGINE=InnoDB DEFAULT CHARSET=utf8mb4;

--
-- Dumping data for table `emails`
--

INSERT INTO `emails` (`ref_number`, `recipient`, `send_date`, `subject`, `body`, `deadline`, `reply`, `email`) VALUES
('', '', '0000-00-00', '', '../../../Files/.pdf', '0000-00-00', 0, ''),
('ক/খ/২০৩/২০১৪', 'A.S Rifat', '2020-04-08', 'Exam Committee Form', 'Hello,Please form an exam committee in an earliest date.', '2020-04-18', 0, ''),
('ক/খ/২০৩/২০১৫', 'Kazi Muheymien Sakib', '2020-04-08', 'Mark Finalization', 'Please Finalise Your Marks.', '2020-04-21', 0, ''),
('ক/খ/২০৩/২০২০', 'A.S Rifat', '2020-04-08', 'Exam Committee Form', 'Hello,Please form an exam committee in an earliest date.', '2020-07-19', 0, ''),
('ক/গ/২০১৯/২০', 'Nadia Nahar', '2020-04-20', 'Hello', 'Hello', '2020-04-25', 0, ''),
('গ/ঘ/২০১৩/১৮', 'Dr.Ahmedul Kabir', '2020-04-15', 'hello', 'whats up', '2020-04-14', 0, ''),
('১১০৩৬৬', 'ডঃ মাহফুজা খানম ', '2020-09-29', '', '', '2020-09-30', 0, 'lamisa.shamma1998@gmail.com'),
('১১২০৯৮', 'Junaid Mansur Ifti ', '2020-09-29', 'Script scrutinizer', '../../../Files/১১২০৯৮.pdf', '2020-09-30', 0, 'iftitheshinoda@gmail.com'),
('১২৫৫৫৯', 'Junaid Mansur Ifti ', '2020-09-30', 'Script scrutinizer', '../../../Files/১২৫৫৫৯.pdf', '2020-10-02', 0, 'bsse1027@iit.du.ac.bd'),
('১৩০৮৯২', 'ডঃ মাহফুজা খানম ', '0000-00-00', 'Script scrutinizer', '../../../Files/১৩০৮৯২.pdf', '0000-00-00', 0, 'lamisa.shamma1998@gmail.com'),
('১৪৩০৭৬', 'Junaid Mansur Ifti ', '2020-09-30', 'Script scrutinizer', '../../../Files/১৪৩০৭৬.pdf', '2020-10-02', 1, 'iftitheshinoda@gmail.com'),
('২০১৪৪৩', '', '0000-00-00', 'Script scrutinizer', '../../../Files/২০১৪৪৩.pdf', '0000-00-00', 0, ''),
('২৮২৮৪০', 'ডঃ মাহফুজা খানম ', '2020-09-29', 'Script scrutinizer', '../../../Files/২৮২৮৪০.pdf', '2020-10-01', 1, 'lamisa.shamma1998@gmail.com'),
('৩১১৯৮৬', 'Junaid Mansur Ifti ', '2020-09-29', 'Script scrutinizer', '../../../Files/৩১১৯৮৬.pdf', '2020-09-30', 1, 'iftitheshinoda@gmail.com'),
('৩৩৪৯৩৭', 'Junaid Mansur Ifti ', '2020-10-02', 'Script scrutinizer', '../../../Files/৩৩৪৯৩৭.pdf', '2020-10-03', 0, 'bsse1027@iit.du.ac.bd'),
('৩৩৮৯৬৪', 'ডঃ মাহফুজা খানম ', '0000-00-00', 'Script scrutinizer', '../../../Files/৩৩৮৯৬৪.pdf', '0000-00-00', 0, 'lamisa.shamma1998@gmail.com'),
('৩৫১৩৪১', '', '0000-00-00', 'Script scrutinizer', '../../../Files/৩৫১৩৪১.pdf', '0000-00-00', 0, ''),
('৩৬১০৩৪', 'ডঃ মাহফুজা খানম ', '2020-10-04', 'Script scrutinizer', '../../../Files/৩৬১০৩৪.pdf', '0000-00-00', 0, 'lamisa.shamma1998@gmail.com'),
('৩৭৬০৭৮', 'Junaid Mansur Ifti ', '2020-09-29', 'Script scrutinizer', '../../../Files/৩৭৬০৭৮.pdf', '2020-10-01', 0, 'iftitheshinoda@gmail.com'),
('৩৮০৬৫০', '', '0000-00-00', 'Script scrutinizer', '../../../Files/৩৮০৬৫০.pdf', '0000-00-00', 0, ''),
('৩৮০৬৫৪', 'ডঃ মাহফুজা খানম ', '2020-09-29', '', '', '2020-09-30', 1, 'lamisa.shamma1998@gmail.com'),
('৩৮৮৩০৩', 'Junaid Mansur Ifti ', '2020-09-29', 'Script scrutinizer', '../../../Files/৩৮৮৩০৩.pdf', '2020-10-01', 0, 'iftitheshinoda@gmail.com'),
('৩৯১৩৫৭', 'ডঃ মাহফুজা খানম ', '2020-09-29', 'Script scrutinizer', 'C:/xampp/htdocs/Files/৩৯১৩৫৭.pdf', '2020-09-29', 1, 'lamisa.shamma1998@gmail.com'),
('৩৯২৫৬১', 'Junaid Mansur Ifti ', '2020-09-29', 'Script scrutinizer', '../../../Files/৩৯২৫৬১.pdf', '2020-09-30', 1, 'iftitheshinoda@gmail.com'),
('৪৩৯৭১০', '', '0000-00-00', 'Script scrutinizer', '../../../Files/৪৩৯৭১০.pdf', '0000-00-00', 0, ''),
('৪৪৯০৪৪', '', '0000-00-00', 'Script scrutinizer', '../../../Files/৪৪৯০৪৪.pdf', '0000-00-00', 0, ''),
('৪৭৩১৩৯', 'ডঃ মাহফুজা খানম ', '0000-00-00', '', '', '0000-00-00', 0, ''),
('৫৫৮৬২৬', '', '0000-00-00', 'Script scrutinizer', '../../../Files/৫৫৮৬২৬.pdf', '0000-00-00', 0, ''),
('৬০৯৯৬৭', 'ডঃ মাহফুজা খানম ', '2020-09-29', 'Script scrutinizer', '../../../Files/৬০৯৯৬৭.pdf', '2020-09-29', 0, 'lamisa.shamma1998@gmail.com'),
('৬২৩৯৮১', 'ডঃ মাহফুজা খানম ', '0000-00-00', 'Script scrutinizer', '../../../Files/৬২৩৯৮১.pdf', '0000-00-00', 0, 'lamisa.shamma1998@gmail.com'),
('৬৩৪৮৪৭', 'ডঃ মাহফুজা খানম ', '2020-09-29', '', '', '2020-09-30', 1, ''),
('৬৪৯২৫৬', 'Junaid Mansur Ifti ', '2020-09-15', 'Script scrutinizer', '../../../Files/৬৪৯২৫৬.pdf', '2020-09-23', 0, 'bsse1027@iit.du.ac.bd'),
('৬৬৬২৭৮', '', '0000-00-00', 'Script scrutinizer', '../../../Files/৬৬৬২৭৮.pdf', '0000-00-00', 0, ''),
('৬৭৮৮২০', 'ডঃ মাহফুজা খানম ', '0000-00-00', 'Script scrutinizer', '../../../Files/৬৭৮৮২০.pdf', '0000-00-00', 0, 'lamisa.shamma1998@gmail.com'),
('৬৯২৭৫০', 'ডঃ মাহফুজা খানম ', '2020-09-30', 'Script scrutinizer', 'Files/৬৯২৭৫০.pdf', '2020-10-01', 0, 'lamisa.shamma1998@gmail.com'),
('৭০৫৮৩৪', 'Junaid Mansur Ifti ', '2020-09-30', 'Script scrutinizer', '../../../Files/৭০৫৮৩৪.pdf', '2020-10-01', 0, 'bsse1027@iit.du.ac.bd'),
('৭৩৬০৯৪', 'Junaid Mansur Ifti ', '2020-09-29', 'Script scrutinizer', '../../../Files/৭৩৬০৯৪.pdf', '2020-09-30', 0, 'iftitheshinoda@gmail.com'),
('৭৩৮৫৪০', 'Shamma ', '2020-09-24', 'Script scrutinizer', '../../../Files/৭৩৮৫৪০.pdf', '2020-09-17', 0, 'bsse1018@iit.du.ac.bd'),
('৭৪৭৫৯০', 'ডঃ মাহফুজা খানম ', '2020-10-04', 'Question Setter & Script Scrutinizer', '../../../Files/৭৪৭৫৯০.pdf', '2020-10-07', 0, 'lamisa.shamma1998@gmail.com'),
('৭৭২২৩৯', 'Junaid Mansur Ifti ', '2020-10-02', 'Script scrutinizer', '../../../Files/৭৭২২৩৯.pdf', '2020-10-06', 1, 'bsse1027@iit.du.ac.bd'),
('৭৮৫১৫১', 'ডঃ মাহফুজা খানম ', '0000-00-00', 'Script scrutinizer', '../../../Files/৭৮৫১৫১.pdf', '0000-00-00', 0, 'lamisa.shamma1998@gmail.com'),
('৮০৫১৩০', 'Junaid Mansur Ifti ', '2020-09-30', 'Script scrutinizer', '../../../Files/৮০৫১৩০.pdf', '2020-10-05', 1, 'bsse1027@iit.du.ac.bd'),
('৮২৯৬১৪', 'ডঃ মাহফুজা খানম ', '2020-10-04', 'Question Setter & Script Scrutinizer', '../../../Files/৮২৯৬১৪.pdf', '2020-10-30', 0, 'lamisa.shamma1998@gmail.com'),
('৮৫৬২৭২', '', '0000-00-00', 'Script scrutinizer', '../../../Files/৮৫৬২৭২.pdf', '0000-00-00', 0, ''),
('৮৬১৩৭২', 'ডঃ মাহফুজা খানম ', '2020-09-29', 'Script scrutinizer', '../../../Files/৮৬১৩৭২.pdf', '2020-10-07', 0, 'lamisa.shamma1998@gmail.com'),
('৮৬৮০১৫', '', '0000-00-00', 'Script scrutinizer', '../../../Files/৮৬৮০১৫.pdf', '0000-00-00', 0, ''),
('৮৭৮৪৭৫', 'ডঃ মাহফুজা খানম ', '2020-09-29', '', '', '2020-10-10', 0, 'lamisa.shamma1998@gmail.com'),
('৯১২২৪৪', 'Junaid Mansur Ifti ', '2020-09-29', 'Script scrutinizer', '../../../Files/৯১২২৪৪.pdf', '2020-09-30', 0, 'iftitheshinoda@gmail.com'),
('৯৭১২২০', 'Junaid Mansur Ifti ', '2020-09-30', 'Script scrutinizer', '../../../Files/৯৭১২২০.pdf', '2020-10-03', 1, 'bsse1027@iit.du.ac.bd'),
('৯৮৫৬৯৬', 'ডঃ মাহফুজা খানম ', '2020-10-04', 'Script scrutinizer', '../../../Files/৯৮৫৬৯৬.pdf', '2020-10-05', 0, 'lamisa.shamma1998@gmail.com'),
('৯৯২৯৪৪', 'ডঃ মাহফুজা খানম ', '0000-00-00', 'Script scrutinizer', '../../../Files/৯৯২৯৪৪.pdf', '0000-00-00', 0, 'lamisa.shamma1998@gmail.com');

-- --------------------------------------------------------

--
-- Table structure for table `letter_data`
--

CREATE TABLE `letter_data` (
  `ref_number` varchar(100) NOT NULL,
  `send_date` varchar(100) NOT NULL,
  `recipient` varchar(100) NOT NULL,
  `Designation` varchar(100) NOT NULL,
  `Department` varchar(100) NOT NULL,
  `Year` varchar(100) NOT NULL,
  `StudyYear` varchar(100) NOT NULL,
  `Subject_name` varchar(100) NOT NULL,
  `Course` varchar(100) NOT NULL,
  `ResponseDate` varchar(100) NOT NULL,
  `ExamType` varchar(100) NOT NULL,
  `ExamName` varchar(100) NOT NULL,
  `CourseType` varchar(100) NOT NULL,
  `Chairman` varchar(100) NOT NULL,
  `MeetingDate` varchar(100) NOT NULL,
  `Time` varchar(100) NOT NULL,
  `Daytime` varchar(100) NOT NULL,
  `Purpose` varchar(100) NOT NULL,
  `PracticalDate` varchar(100) NOT NULL,
  `VivaDate` varchar(100) NOT NULL,
  `Pstart` varchar(100) NOT NULL,
  `Pfinish` varchar(100) NOT NULL,
  `Vstart` varchar(100) NOT NULL,
  `Vfinish` varchar(100) NOT NULL,
  `subject` varchar(50) NOT NULL,
  `deadline` varchar(50) NOT NULL
) ENGINE=InnoDB DEFAULT CHARSET=utf8mb4;

--
-- Dumping data for table `letter_data`
--

INSERT INTO `letter_data` (`ref_number`, `send_date`, `recipient`, `Designation`, `Department`, `Year`, `StudyYear`, `Subject_name`, `Course`, `ResponseDate`, `ExamType`, `ExamName`, `CourseType`, `Chairman`, `MeetingDate`, `Time`, `Daytime`, `Purpose`, `PracticalDate`, `VivaDate`, `Pstart`, `Pfinish`, `Vstart`, `Vfinish`, `subject`, `deadline`) VALUES
('১৫৮৫৬৭', '০৬-০৭-২০২০', 'ডঃ কামাল উদ্দীন', 'প্রফেসর', 'বাংলা বিভাগ', '২০২৩', '', 'History', '211501 History of the Emergence of Independent Ban', '০৭-০৭-২০২০', '', '1st semester final examination', '', 'Mr.b', '', '', '', '', '', '', '', '', '', '', 'A', ''),
('৩৯১৩৯২', '১৪-০৭-২০২০', '', '', 'বাংলা বিভাগ', '২০৩৮', '২য়', 'History', '', '২৯-০৭-২০২০', '', '', '', '', '', '', '', '', '', '', '', '', '', '', 'B', ''),
('১১১৩৫১', '২৩-০৭-২০২০', 'ডঃ কামাল উদ্দীন', 'প্রফেসর', 'বাংলা বিভাগ', '২০২২', 'এম.এস.', 'History', '', '', '', '', '', 'Mr.b', '০৫-০৭-২০২০', '১২:২০', 'সকাল', 'ফলাফল চূড়ান্ত', '', '', '', '', '', '', 'C', ''),
('৬৮২৩২৭', '০৬-০৭-২০২০', 'ডঃ কামাল উদ্দীন', 'প্রফেসর', 'বাংলা বিভাগ', '২০৩৭', '৩য় বর্ষ', 'English', '', '', '', '', '', '', '', '', '', '', '৩০-০৭-২০২০', '২৭-০৭-২০২০', '০৫:০৯', '০০:০৯', '১৭:০৯', '০৫:০৪', 'D', ''),
('১৯০৯৬৯', '১৪-০৭-২০২০', 'ডঃ কামাল উদ্দীন', 'প্রফেসর', 'বাংলা বিভাগ', '২০৯৫', '১ম', 'Pharmacy', '1103Organic Pharmacy', '', 'বি.এস সম্মান', '', 'কোর্সের', '', '', '', '', '', '', '', '', '', '', '', 'E', ''),
('', '০১-০১-১৯৭০', '', '', '', '', '', '', '', '', '', '', '', '', '০১-০১-১৯৭০', '', '', '', '', '', '', '', '', '', '', ''),
('৫৪৩৮০০', '১৪-০৭-২০২০', 'ডঃ কামাল উদ্দীন', 'প্রফেসর', 'বাংলা বিভাগ', '২০৩৭', '', 'History', '211503 Introduction to History', '২১-০৭-২০২০', '', '1st semester midterm examination', '', 'Mr.b', '', '', '', '', '', '', '', '', '', '', 'A', ''),
('৩৯৪৫২৪', '২৮-০৭-২০২০', '', '', 'বাংলা বিভাগ', '২০৩৮', '৩য়', 'Nuclear Engineering', '', '২৯-০৭-২০২০', '', '', '', '', '', '', '', '', '', '', '', '', '', '', 'B', ''),
('৩৯৪৫২৪', '২৮-০৭-২০২০', '', '', 'বাংলা বিভাগ', '২০৩৮', '৩য়', 'Nuclear Engineering', '', '২৯-০৭-২০২০', '', '', '', '', '', '', '', '', '', '', '', '', '', '', 'B', ''),
('৩৯৪৫২৪', '২৮-০৭-২০২০', '', '', 'বাংলা বিভাগ', '২০৩৮', '৩য়', 'Nuclear Engineering', '', '২৯-০৭-২০২০', '', '', '', '', '', '', '', '', '', '', '', '', '', '', 'B', ''),
('৩৯৪৫২৪', '২৮-০৭-২০২০', '', '', 'বাংলা বিভাগ', '২০৩৮', '৩য়', 'Nuclear Engineering', '', '২৯-০৭-২০২০', '', '', '', '', '', '', '', '', '', '', '', '', '', '', 'B', ''),
('৩৯৪৫২৪', '২৮-০৭-২০২০', '', '', 'বাংলা বিভাগ', '২০৩৮', '৩য়', 'Nuclear Engineering', '', '২৯-০৭-২০২০', '', '', '', '', '', '', '', '', '', '', '', '', '', '', 'B', ''),
('৩৯৪৫২৪', '২৮-০৭-২০২০', '', '', 'বাংলা বিভাগ', '২০৩৮', '৩য়', 'Nuclear Engineering', '', '২৯-০৭-২০২০', '', '', '', '', '', '', '', '', '', '', '', '', '', '', 'B', ''),
('৩৯৪৫২৪', '২৮-০৭-২০২০', '', '', 'বাংলা বিভাগ', '২০৩৮', '৩য়', 'Nuclear Engineering', '', '২৯-০৭-২০২০', '', '', '', '', '', '', '', '', '', '', '', '', '', '', 'B', ''),
('৩৯৪৫২৪', '২৮-০৭-২০২০', '', '', 'বাংলা বিভাগ', '২০৩৮', '৩য়', 'Nuclear Engineering', '', '২৯-০৭-২০২০', '', '', '', '', '', '', '', '', '', '', '', '', '', '', 'B', ''),
('৩৯৪৫২৪', '২৮-০৭-২০২০', '', '', 'বাংলা বিভাগ', '২০৩৮', '৩য়', 'Nuclear Engineering', '', '২৯-০৭-২০২০', '', '', '', '', '', '', '', '', '', '', '', '', '', '', 'B', ''),
('৩৯৪৫২৪', '২৮-০৭-২০২০', '', '', 'বাংলা বিভাগ', '২০৩৮', '৩য়', 'Nuclear Engineering', '', '২৯-০৭-২০২০', '', '', '', '', '', '', '', '', '', '', '', '', '', '', 'B', ''),
('৩৯৪৫২৪', '২৮-০৭-২০২০', '', '', 'বাংলা বিভাগ', '২০৩৮', '৩য়', 'Nuclear Engineering', '', '২৯-০৭-২০২০', '', '', '', '', '', '', '', '', '', '', '', '', '', '', 'B', ''),
('৩৯৪৫২৪', '২৮-০৭-২০২০', '', '', 'বাংলা বিভাগ', '২০৩৮', '৩য়', 'Nuclear Engineering', '', '২৯-০৭-২০২০', '', '', '', '', '', '', '', '', '', '', '', '', '', '', 'B', ''),
('৩৯৪৫২৪', '২৮-০৭-২০২০', '', '', 'বাংলা বিভাগ', '২০৩৮', '৩য়', 'Nuclear Engineering', '', '২৯-০৭-২০২০', '', '', '', '', '', '', '', '', '', '', '', '', '', '', 'B', ''),
('৩৯৪৫২৪', '২৮-০৭-২০২০', '', '', 'বাংলা বিভাগ', '২০৩৮', '৩য়', 'Nuclear Engineering', '', '২৯-০৭-২০২০', '', '', '', '', '', '', '', '', '', '', '', '', '', '', 'B', ''),
('৩৯৪৫২৪', '২৮-০৭-২০২০', '', '', 'বাংলা বিভাগ', '২০৩৮', '৩য়', 'Nuclear Engineering', '', '২৯-০৭-২০২০', '', '', '', '', '', '', '', '', '', '', '', '', '', '', 'B', ''),
('৩৯৪৫২৪', '২৮-০৭-২০২০', '', '', 'বাংলা বিভাগ', '২০৩৮', '৩য়', 'Nuclear Engineering', '', '২৯-০৭-২০২০', '', '', '', '', '', '', '', '', '', '', '', '', '', '', 'B', ''),
('৯০৬৬৪৪', '২৯-০৭-২০২০', 'ডঃ কামাল উদ্দীন', 'প্রফেসর', 'বাংলা বিভাগ', '২০২২', '', 'History', '211501 History of the Emergence of Independent Ban', '২৮-০৭-২০২০', '', '1st semester midterm examination', '', 'Mr.b', '', '', '', '', '', '', '', '', '', '', 'A', ''),
('৬৫৩৪২২', '০৯-০৭-২০২০', 'ডঃ কামাল উদ্দীন', 'প্রফেসর', 'বাংলা বিভাগ', '২০২৪', '২য়', 'English', 'ENH 307 Introduction to Literary Criticism (Up to ', '', 'এম.এ', '', 'থিসিসের', '', '', '', '', '', '', '', '', '', '', '', 'E', ''),
('২১৬৩২৫', '০৪-০৮-২০২০', 'ডঃ কামাল উদ্দীন', 'প্রফেসর', 'বাংলা বিভাগ', '২০২৩', '', 'Nuclear Engineering', '501 Fundamentals of Nuclear Physics and Engineerin', '২৮-০৭-২০২০', '', '1st semester midterm examination', '', 'Mr.c', '', '', '', '', '', '', '', '', '', '', 'A', ''),
('৬৫৩৪২২', '০৯-০৭-২০২০', 'ডঃ কামাল উদ্দীন', 'প্রফেসর', 'বাংলা বিভাগ', '২০২৪', '২য়', 'English', 'ENH 307 Introduction to Literary Criticism (Up to ', '', 'এম.এ', '', 'থিসিসের', '', '', '', '', '', '', '', '', '', '', '', 'E', ''),
('৬৫৩৪২২', '০৯-০৭-২০২০', 'ডঃ কামাল উদ্দীন', 'প্রফেসর', 'বাংলা বিভাগ', '২০২৪', '২য়', 'English', 'ENH 307 Introduction to Literary Criticism (Up to ', '', 'এম.এ', '', 'থিসিসের', '', '', '', '', '', '', '', '', '', '', '', 'E', ''),
('৬৫৩৪২২', '০৯-০৭-২০২০', 'ডঃ কামাল উদ্দীন', 'প্রফেসর', 'বাংলা বিভাগ', '২০২৪', '২য়', 'English', 'ENH 307 Introduction to Literary Criticism (Up to ', '', 'এম.এ', '', 'থিসিসের', '', '', '', '', '', '', '', '', '', '', '', 'E', ''),
('৬৫৩৪২২', '০৯-০৭-২০২০', 'ডঃ কামাল উদ্দীন', 'প্রফেসর', 'বাংলা বিভাগ', '২০২৪', '২য়', 'English', 'ENH 307 Introduction to Literary Criticism (Up to ', '', 'এম.এ', '', 'থিসিসের', '', '', '', '', '', '', '', '', '', '', '', 'E', ''),
('৬৫৩৪২২', '০৯-০৭-২০২০', 'ডঃ কামাল উদ্দীন', 'প্রফেসর', 'বাংলা বিভাগ', '২০২৪', '২য়', 'English', 'ENH 307 Introduction to Literary Criticism (Up to ', '', 'এম.এ', '', 'থিসিসের', '', '', '', '', '', '', '', '', '', '', '', 'E', ''),
('৬৫৩৪২২', '০৯-০৭-২০২০', 'ডঃ কামাল উদ্দীন', 'প্রফেসর', 'বাংলা বিভাগ', '২০২৪', '২য়', 'English', 'ENH 307 Introduction to Literary Criticism (Up to ', '', 'এম.এ', '', 'থিসিসের', '', '', '', '', '', '', '', '', '', '', '', 'E', ''),
('৬৫৩৪২২', '০৯-০৭-২০২০', 'ডঃ কামাল উদ্দীন', 'প্রফেসর', 'বাংলা বিভাগ', '২০২৪', '২য়', 'English', 'ENH 307 Introduction to Literary Criticism (Up to ', '', 'এম.এ', '', 'থিসিসের', '', '', '', '', '', '', '', '', '', '', '', 'E', ''),
('৬৫৩৪২২', '০৯-০৭-২০২০', 'ডঃ কামাল উদ্দীন', 'প্রফেসর', 'বাংলা বিভাগ', '২০২৪', '২য়', 'English', 'ENH 307 Introduction to Literary Criticism (Up to ', '', 'এম.এ', '', 'থিসিসের', '', '', '', '', '', '', '', '', '', '', '', 'E', ''),
('৬৫৩৪২২', '০৯-০৭-২০২০', 'ডঃ কামাল উদ্দীন', 'প্রফেসর', 'বাংলা বিভাগ', '২০২৪', '২য়', 'English', 'ENH 307 Introduction to Literary Criticism (Up to ', '', 'এম.এ', '', 'থিসিসের', '', '', '', '', '', '', '', '', '', '', '', 'E', ''),
('৬৫৩৪২২', '০৯-০৭-২০২০', 'ডঃ কামাল উদ্দীন', 'প্রফেসর', 'বাংলা বিভাগ', '২০২৪', '২য়', 'English', 'ENH 307 Introduction to Literary Criticism (Up to ', '', 'এম.এ', '', 'থিসিসের', '', '', '', '', '', '', '', '', '', '', '', 'E', ''),
('৬৫৩৪২২', '০৯-০৭-২০২০', 'ডঃ কামাল উদ্দীন', 'প্রফেসর', 'বাংলা বিভাগ', '২০২৪', '২য়', 'English', 'ENH 307 Introduction to Literary Criticism (Up to ', '', 'এম.এ', '', 'থিসিসের', '', '', '', '', '', '', '', '', '', '', '', 'E', ''),
('৬৫৩৪২২', '০৯-০৭-২০২০', 'ডঃ কামাল উদ্দীন', 'প্রফেসর', 'বাংলা বিভাগ', '২০২৪', '২য়', 'English', 'ENH 307 Introduction to Literary Criticism (Up to ', '', 'এম.এ', '', 'থিসিসের', '', '', '', '', '', '', '', '', '', '', '', 'E', ''),
('৬৫৩৪২২', '০৯-০৭-২০২০', 'ডঃ কামাল উদ্দীন', 'প্রফেসর', 'বাংলা বিভাগ', '২০২৪', '২য়', 'English', 'ENH 307 Introduction to Literary Criticism (Up to ', '', 'এম.এ', '', 'থিসিসের', '', '', '', '', '', '', '', '', '', '', '', 'E', ''),
('৬৫৩৪২২', '০৯-০৭-২০২০', 'ডঃ কামাল উদ্দীন', 'প্রফেসর', 'বাংলা বিভাগ', '২০২৪', '২য়', 'English', 'ENH 307 Introduction to Literary Criticism (Up to ', '', 'এম.এ', '', 'থিসিসের', '', '', '', '', '', '', '', '', '', '', '', 'E', ''),
('৬৫৩৪২২', '০৯-০৭-২০২০', 'ডঃ কামাল উদ্দীন', 'প্রফেসর', 'বাংলা বিভাগ', '২০২৪', '২য়', 'English', 'ENH 307 Introduction to Literary Criticism (Up to ', '', 'এম.এ', '', 'থিসিসের', '', '', '', '', '', '', '', '', '', '', '', 'E', ''),
('৬৫৩৪২২', '০৯-০৭-২০২০', 'ডঃ কামাল উদ্দীন', 'প্রফেসর', 'বাংলা বিভাগ', '২০২৪', '২য়', 'English', 'ENH 307 Introduction to Literary Criticism (Up to ', '', 'এম.এ', '', 'থিসিসের', '', '', '', '', '', '', '', '', '', '', '', 'E', ''),
('৬৫৩৪২২', '০৯-০৭-২০২০', 'ডঃ কামাল উদ্দীন', 'প্রফেসর', 'বাংলা বিভাগ', '২০২৪', '২য়', 'English', 'ENH 307 Introduction to Literary Criticism (Up to ', '', 'এম.এ', '', 'থিসিসের', '', '', '', '', '', '', '', '', '', '', '', 'E', ''),
('৬৫৩৪২২', '০৯-০৭-২০২০', 'ডঃ কামাল উদ্দীন', 'প্রফেসর', 'বাংলা বিভাগ', '২০২৪', '২য়', 'English', 'ENH 307 Introduction to Literary Criticism (Up to ', '', 'এম.এ', '', 'থিসিসের', '', '', '', '', '', '', '', '', '', '', '', 'E', ''),
('৬৫৩৪২২', '০৯-০৭-২০২০', 'ডঃ কামাল উদ্দীন', 'প্রফেসর', 'বাংলা বিভাগ', '২০২৪', '২য়', 'English', 'ENH 307 Introduction to Literary Criticism (Up to ', '', 'এম.এ', '', 'থিসিসের', '', '', '', '', '', '', '', '', '', '', '', 'E', ''),
('৬৫৩৪২২', '০৯-০৭-২০২০', 'ডঃ কামাল উদ্দীন', 'প্রফেসর', 'বাংলা বিভাগ', '২০২৪', '২য়', 'English', 'ENH 307 Introduction to Literary Criticism (Up to ', '', 'এম.এ', '', 'থিসিসের', '', '', '', '', '', '', '', '', '', '', '', 'E', ''),
('২৫৮০৪৮', '১৪-০৭-২০২০', 'ডঃ কামাল উদ্দীন', 'প্রফেসর', 'বাংলা বিভাগ', '২০২৪', '৩য় বর্ষ', 'History', '', '', '', '', '', '', '', '', '', '', '১৪-০৭-২০২০', '০৫-০৭-২০২০', '২২:০২', '২১:০১', '২২:০২', '২২:০২', 'D', ''),
('২৫৮০৪৮', '১৪-০৭-২০২০', 'ডঃ কামাল উদ্দীন', 'প্রফেসর', 'বাংলা বিভাগ', '২০২৪', '৩য় বর্ষ', 'History', '', '', '', '', '', '', '', '', '', '', '১৪-০৭-২০২০', '০৫-০৭-২০২০', '২২:০২', '২১:০১', '২২:০২', '২২:০২', 'D', ''),
('২৫৮০৪৮', '১৪-০৭-২০২০', 'ডঃ কামাল উদ্দীন', 'প্রফেসর', 'বাংলা বিভাগ', '২০২৪', '৩য় বর্ষ', 'History', '', '', '', '', '', '', '', '', '', '', '১৪-০৭-২০২০', '০৫-০৭-২০২০', '২২:০২', '২১:০১', '২২:০২', '২২:০২', 'D', ''),
('২৫৮০৪৮', '১৪-০৭-২০২০', 'ডঃ কামাল উদ্দীন', 'প্রফেসর', 'বাংলা বিভাগ', '২০২৪', '৩য় বর্ষ', 'History', '', '', '', '', '', '', '', '', '', '', '১৪-০৭-২০২০', '০৫-০৭-২০২০', '২২:০২', '২১:০১', '২২:০২', '২২:০২', 'D', ''),
('২৫৮০৪৮', '১৪-০৭-২০২০', 'ডঃ কামাল উদ্দীন', 'প্রফেসর', 'বাংলা বিভাগ', '২০২৪', '৩য় বর্ষ', 'History', '', '', '', '', '', '', '', '', '', '', '১৪-০৭-২০২০', '০৫-০৭-২০২০', '২২:০২', '২১:০১', '২২:০২', '২২:০২', 'D', ''),
('২৫৮০৪৮', '১৪-০৭-২০২০', 'ডঃ কামাল উদ্দীন', 'প্রফেসর', 'বাংলা বিভাগ', '২০২৪', '৩য় বর্ষ', 'History', '', '', '', '', '', '', '', '', '', '', '১৪-০৭-২০২০', '০৫-০৭-২০২০', '২২:০২', '২১:০১', '২২:০২', '২২:০২', 'D', ''),
('২৫৮০৪৮', '১৪-০৭-২০২০', 'ডঃ কামাল উদ্দীন', 'প্রফেসর', 'বাংলা বিভাগ', '২০২৪', '৩য় বর্ষ', 'History', '', '', '', '', '', '', '', '', '', '', '১৪-০৭-২০২০', '০৫-০৭-২০২০', '২২:০২', '২১:০১', '২২:০২', '২২:০২', 'D', ''),
('২৫৮০৪৮', '১৪-০৭-২০২০', 'ডঃ কামাল উদ্দীন', 'প্রফেসর', 'বাংলা বিভাগ', '২০২৪', '৩য় বর্ষ', 'History', '', '', '', '', '', '', '', '', '', '', '১৪-০৭-২০২০', '০৫-০৭-২০২০', '২২:০২', '২১:০১', '২২:০২', '২২:০২', 'D', ''),
('২৫৮০৪৮', '১৪-০৭-২০২০', 'ডঃ কামাল উদ্দীন', 'প্রফেসর', 'বাংলা বিভাগ', '২০২৪', '৩য় বর্ষ', 'History', '', '', '', '', '', '', '', '', '', '', '১৪-০৭-২০২০', '০৫-০৭-২০২০', '২২:০২', '২১:০১', '২২:০২', '২২:০২', 'D', ''),
('২৫৮০৪৮', '১৪-০৭-২০২০', 'ডঃ কামাল উদ্দীন', 'প্রফেসর', 'বাংলা বিভাগ', '২০২৪', '৩য় বর্ষ', 'History', '', '', '', '', '', '', '', '', '', '', '১৪-০৭-২০২০', '০৫-০৭-২০২০', '২২:০২', '২১:০১', '২২:০২', '২২:০২', 'D', ''),
('২৫৮০৪৮', '১৪-০৭-২০২০', 'ডঃ কামাল উদ্দীন', 'প্রফেসর', 'বাংলা বিভাগ', '২০২৪', '৩য় বর্ষ', 'History', '', '', '', '', '', '', '', '', '', '', '১৪-০৭-২০২০', '০৫-০৭-২০২০', '২২:০২', '২১:০১', '২২:০২', '২২:০২', 'D', ''),
('২৫৮০৪৮', '১৪-০৭-২০২০', 'ডঃ কামাল উদ্দীন', 'প্রফেসর', 'বাংলা বিভাগ', '২০২৪', '৩য় বর্ষ', 'History', '', '', '', '', '', '', '', '', '', '', '১৪-০৭-২০২০', '০৫-০৭-২০২০', '২২:০২', '২১:০১', '২২:০২', '২২:০২', 'D', ''),
('২৫৮০৪৮', '১৪-০৭-২০২০', 'ডঃ কামাল উদ্দীন', 'প্রফেসর', 'বাংলা বিভাগ', '২০২৪', '৩য় বর্ষ', 'History', '', '', '', '', '', '', '', '', '', '', '১৪-০৭-২০২০', '০৫-০৭-২০২০', '২২:০২', '২১:০১', '২২:০২', '২২:০২', 'D', ''),
('২৫৮০৪৮', '১৪-০৭-২০২০', 'ডঃ কামাল উদ্দীন', 'প্রফেসর', 'বাংলা বিভাগ', '২০২৪', '৩য় বর্ষ', 'History', '', '', '', '', '', '', '', '', '', '', '১৪-০৭-২০২০', '০৫-০৭-২০২০', '২২:০২', '২১:০১', '২২:০২', '২২:০২', 'D', ''),
('২৫৮০৪৮', '১৪-০৭-২০২০', 'ডঃ কামাল উদ্দীন', 'প্রফেসর', 'বাংলা বিভাগ', '২০২৪', '৩য় বর্ষ', 'History', '', '', '', '', '', '', '', '', '', '', '১৪-০৭-২০২০', '০৫-০৭-২০২০', '২২:০২', '২১:০১', '২২:০২', '২২:০২', 'D', ''),
('২৫৮০৪৮', '১৪-০৭-২০২০', 'ডঃ কামাল উদ্দীন', 'প্রফেসর', 'বাংলা বিভাগ', '২০২৪', '৩য় বর্ষ', 'History', '', '', '', '', '', '', '', '', '', '', '১৪-০৭-২০২০', '০৫-০৭-২০২০', '২২:০২', '২১:০১', '২২:০২', '২২:০২', 'D', ''),
('২৫৮০৪৮', '১৪-০৭-২০২০', 'ডঃ কামাল উদ্দীন', 'প্রফেসর', 'বাংলা বিভাগ', '২০২৪', '৩য় বর্ষ', 'History', '', '', '', '', '', '', '', '', '', '', '১৪-০৭-২০২০', '০৫-০৭-২০২০', '২২:০২', '২১:০১', '২২:০২', '২২:০২', 'D', ''),
('২৫৮০৪৮', '১৪-০৭-২০২০', 'ডঃ কামাল উদ্দীন', 'প্রফেসর', 'বাংলা বিভাগ', '২০২৪', '৩য় বর্ষ', 'History', '', '', '', '', '', '', '', '', '', '', '১৪-০৭-২০২০', '০৫-০৭-২০২০', '২২:০২', '২১:০১', '২২:০২', '২২:০২', 'D', ''),
('২৫৮০৪৮', '১৪-০৭-২০২০', 'ডঃ কামাল উদ্দীন', 'প্রফেসর', 'বাংলা বিভাগ', '২০২৪', '৩য় বর্ষ', 'History', '', '', '', '', '', '', '', '', '', '', '১৪-০৭-২০২০', '০৫-০৭-২০২০', '২২:০২', '২১:০১', '২২:০২', '২২:০২', 'D', ''),
('৬৬৭৪৯৩', '২৩-০৭-২০২০', 'ডঃ কামাল উদ্দীন', 'প্রফেসর', 'বাংলা বিভাগ', '২০৩৭', '১ম বর্ষ', 'English', '', '', '', '', '', 'Mr.a', '০৯-০৭-২০২০', '১১:২৩', 'বেলা', 'ফলাফল চূড়ান্ত', '', '', '', '', '', '', 'C', ''),
('৬৬৭৪৯৩', '২৩-০৭-২০২০', 'ডঃ কামাল উদ্দীন', 'প্রফেসর', 'বাংলা বিভাগ', '২০৩৭', '১ম বর্ষ', 'English', '', '', '', '', '', 'Mr.a', '০৯-০৭-২০২০', '১১:২৩', 'বেলা', 'ফলাফল চূড়ান্ত', '', '', '', '', '', '', 'C', ''),
('৬৬৭৪৯৩', '২৩-০৭-২০২০', 'ডঃ কামাল উদ্দীন', 'প্রফেসর', 'বাংলা বিভাগ', '২০৩৭', '১ম বর্ষ', 'English', '', '', '', '', '', 'Mr.a', '০৯-০৭-২০২০', '১১:২৩', 'বেলা', 'ফলাফল চূড়ান্ত', '', '', '', '', '', '', 'C', ''),
('৬৬৭৪৯৩', '২৩-০৭-২০২০', 'ডঃ কামাল উদ্দীন', 'প্রফেসর', 'বাংলা বিভাগ', '২০৩৭', '১ম বর্ষ', 'English', '', '', '', '', '', 'Mr.a', '০৯-০৭-২০২০', '১১:২৩', 'বেলা', 'ফলাফল চূড়ান্ত', '', '', '', '', '', '', 'C', ''),
('৬৬৭৪৯৩', '২৩-০৭-২০২০', 'ডঃ কামাল উদ্দীন', 'প্রফেসর', 'বাংলা বিভাগ', '২০৩৭', '১ম বর্ষ', 'English', '', '', '', '', '', 'Mr.a', '০৯-০৭-২০২০', '১১:২৩', 'বেলা', 'ফলাফল চূড়ান্ত', '', '', '', '', '', '', 'C', ''),
('৬৬৭৪৯৩', '২৩-০৭-২০২০', 'ডঃ কামাল উদ্দীন', 'প্রফেসর', 'বাংলা বিভাগ', '২০৩৭', '১ম বর্ষ', 'English', '', '', '', '', '', 'Mr.a', '০৯-০৭-২০২০', '১১:২৩', 'বেলা', 'ফলাফল চূড়ান্ত', '', '', '', '', '', '', 'C', ''),
('৬৬৭৪৯৩', '২৩-০৭-২০২০', 'ডঃ কামাল উদ্দীন', 'প্রফেসর', 'বাংলা বিভাগ', '২০৩৭', '১ম বর্ষ', 'English', '', '', '', '', '', 'Mr.a', '০৯-০৭-২০২০', '১১:২৩', 'বেলা', 'ফলাফল চূড়ান্ত', '', '', '', '', '', '', 'C', ''),
('৬৬৭৪৯৩', '২৩-০৭-২০২০', 'ডঃ কামাল উদ্দীন', 'প্রফেসর', 'বাংলা বিভাগ', '২০৩৭', '১ম বর্ষ', 'English', '', '', '', '', '', 'Mr.a', '০৯-০৭-২০২০', '১১:২৩', 'বেলা', 'ফলাফল চূড়ান্ত', '', '', '', '', '', '', 'C', ''),
('৬৬৭৪৯৩', '২৩-০৭-২০২০', 'ডঃ কামাল উদ্দীন', 'প্রফেসর', 'বাংলা বিভাগ', '২০৩৭', '১ম বর্ষ', 'English', '', '', '', '', '', 'Mr.a', '০৯-০৭-২০২০', '১১:২৩', 'বেলা', 'ফলাফল চূড়ান্ত', '', '', '', '', '', '', 'C', ''),
('৬৬৭৪৯৩', '২৩-০৭-২০২০', 'ডঃ কামাল উদ্দীন', 'প্রফেসর', 'বাংলা বিভাগ', '২০৩৭', '১ম বর্ষ', 'English', '', '', '', '', '', 'Mr.a', '০৯-০৭-২০২০', '১১:২৩', 'বেলা', 'ফলাফল চূড়ান্ত', '', '', '', '', '', '', 'C', ''),
('৬৬৭৪৯৩', '২৩-০৭-২০২০', 'ডঃ কামাল উদ্দীন', 'প্রফেসর', 'বাংলা বিভাগ', '২০৩৭', '১ম বর্ষ', 'English', '', '', '', '', '', 'Mr.a', '০৯-০৭-২০২০', '১১:২৩', 'বেলা', 'ফলাফল চূড়ান্ত', '', '', '', '', '', '', 'C', ''),
('৬৬৭৪৯৩', '২৩-০৭-২০২০', 'ডঃ কামাল উদ্দীন', 'প্রফেসর', 'বাংলা বিভাগ', '২০৩৭', '১ম বর্ষ', 'English', '', '', '', '', '', 'Mr.a', '০৯-০৭-২০২০', '১১:২৩', 'বেলা', 'ফলাফল চূড়ান্ত', '', '', '', '', '', '', 'C', ''),
('১৫৪৩৭০', '২১-০৭-২০২০', '', '', 'বাংলা বিভাগ', '২০২৫', '৩য়', 'Nuclear Engineering', '', '১৪-০৭-২০২০', '', '', '', '', '', '', '', '', '', '', '', '', '', '', 'B', ''),
('১৫৪৩৭০', '২১-০৭-২০২০', '', '', 'বাংলা বিভাগ', '২০২৫', '৩য়', 'Nuclear Engineering', '', '১৪-০৭-২০২০', '', '', '', '', '', '', '', '', '', '', '', '', '', '', 'B', ''),
('১৫৪৩৭০', '২১-০৭-২০২০', '', '', 'বাংলা বিভাগ', '২০২৫', '৩য়', 'Nuclear Engineering', '', '১৪-০৭-২০২০', '', '', '', '', '', '', '', '', '', '', '', '', '', '', 'B', ''),
('১৫৪৮৪৪', '২৪-০৭-২০২০', 'ডঃ কামাল উদ্দীন', 'প্রফেসর', 'বাংলা বিভাগ', '২০৩৬', '', 'Nuclear Engineering', '501 Fundamentals of Nuclear Physics and Engineerin', '২২-০৭-২০২০', '', '1st semester midterm examination', '', 'Mr.c', '', '', '', '', '', '', '', '', '', '', 'A', ''),
('৮৫৬০৩৫', '৩০-০৭-২০২০', '', '', 'বাংলা বিভাগ', '২০৩৭', '৩য়', 'History', '', '২৯-০৭-২০২০', '', '', '', '', '', '', '', '', '', '', '', '', '', '', 'B', ''),
('২৬০০৬৫', '২৩-০৭-২০২০', 'ডঃ কামাল উদ্দীন', 'প্রফেসর', 'বাংলা বিভাগ', '২০২৩', '৩য় বর্ষ', 'Nuclear Engineering', '', '', '', '', '', 'Mr.c', '০৯-০৭-২০২০', '২১:০৪', 'বেলা', 'প্রশ্নপত্র সমন্বয়ের জন্য', '', '', '', '', '', '', 'C', ''),
('১২৮১৫৪', '৩০-০৭-২০২০', 'ডঃ কামাল উদ্দীন', 'প্রফেসর', 'বাংলা বিভাগ', '২০৩৮', '২য় বর্ষ', 'History', '', '', '', '', '', '', '', '', '', '', '২৮-০৭-২০২০', '২২-০৭-২০২০', '২১:০৭', '১৩:০২', '২১:০৬', '', 'D', ''),
('৬০২২৩৫', '২৮-০৭-২০২০', 'ডঃ কামাল উদ্দীন', 'প্রফেসর', 'বাংলা বিভাগ', '২০২৪', '৩য়', 'Nuclear Engineering', '516 Nuclear Safeguards, Safety, Securities, Policy', '', 'এম.এস.এস', '', 'পত্রের', '', '', '', '', '', '', '', '', '', '', '', 'E', ''),
('৪২৪৯৭৪', '২১-০৭-২০২০', 'ডঃ সৈয়দ মানজোরুল ইসলাম', 'খণ্ডকালীন শিক্ষক', ' মনোবিজ্ঞান বিভাগ', '২০২৪', '', 'History', '211503 Introduction to History', '০৭-০৭-২০২০', '', '1st semester final examination', '', '', '', '', '', '', '', '', '', '', '', '', 'A', ''),
('৭৬৫৫৪৬', '২৮-০৭-২০২০', 'ডঃ সৈয়দ মানজোরুল ইসলাম', 'খণ্ডকালীন শিক্ষক', ' মনোবিজ্ঞান বিভাগ', '২০২৩', '৩য়', 'History', '211501 History of the Emergence of Independent Ban', '', 'এম.এস.এস', '', 'পত্রের', '', '', '', '', '', '', '', '', '', '', '', 'E', ''),
('৭৬৫৫৪৬', '২৮-০৭-২০২০', 'ডঃ সৈয়দ মানজোরুল ইসলাম', 'খণ্ডকালীন শিক্ষক', ' মনোবিজ্ঞান বিভাগ', '২০২৩', '৩য়', 'History', '211501 History of the Emergence of Independent Ban', '', 'এম.এস.এস', '', 'পত্রের', '', '', '', '', '', '', '', '', '', '', '', 'E', ''),
('', '০১-০১-১৯৭০', '', '', '', '', '', '', '', '', '', '', '', '', '', '', '', '', '', '', '', '', '', '', 'E', ''),
('', '০১-০১-১৯৭০', '', '', '', '', '', '', '', '', '', '', '', '', '', '', '', '', '', '', '', '', '', '', 'E', ''),
('৭৬৫৫৪৬', '২৮-০৭-২০২০', 'ডঃ সৈয়দ মানজোরুল ইসলাম', 'খণ্ডকালীন শিক্ষক', ' মনোবিজ্ঞান বিভাগ', '২০২৩', '৩য়', 'History', '211501 History of the Emergence of Independent Ban', '', 'এম.এস.এস', '', 'পত্রের', '', '', '', '', '', '', '', '', '', '', '', 'E', ''),
('৭৬৫৫৪৬', '২৮-০৭-২০২০', 'ডঃ সৈয়দ মানজোরুল ইসলাম', 'খণ্ডকালীন শিক্ষক', ' মনোবিজ্ঞান বিভাগ', '২০২৩', '৩য়', 'History', '211501 History of the Emergence of Independent Ban', '', 'এম.এস.এস', '', 'পত্রের', '', '', '', '', '', '', '', '', '', '', '', 'E', ''),
('৭৬৫৫৪৬', '২৮-০৭-২০২০', 'ডঃ সৈয়দ মানজোরুল ইসলাম', 'খণ্ডকালীন শিক্ষক', ' মনোবিজ্ঞান বিভাগ', '২০২৩', '৩য়', 'History', '211501 History of the Emergence of Independent Ban', '', 'এম.এস.এস', '', 'পত্রের', '', '', '', '', '', '', '', '', '', '', '', 'E', ''),
('১৬৯০৯৬', '০৯-০৭-২০২০', 'ডঃ সৈয়দ মানজোরুল ইসলাম', 'খণ্ডকালীন শিক্ষক', ' মনোবিজ্ঞান বিভাগ', '২০২৯', '৩য় বর্ষ', 'Nuclear Engineering', '', '', '', '', '', '', '', '', '', '', '০১-০৭-২০২০', '০৮-০৭-২০২০', '২২:০২', '১৩:৫৯', '২২:০২', '২২:০২', 'D', ''),
('১৬৯০৯৬', '০৯-০৭-২০২০', 'ডঃ সৈয়দ মানজোরুল ইসলাম', 'খণ্ডকালীন শিক্ষক', ' মনোবিজ্ঞান বিভাগ', '২০২৯', '৩য় বর্ষ', 'Nuclear Engineering', '', '', '', '', '', '', '', '', '', '', '০১-০৭-২০২০', '০৮-০৭-২০২০', '২২:০২', '১৩:৫৯', '২২:০২', '২২:০২', 'D', ''),
('', '০১-০১-১৯৭০', '', '', '', '', '', '', '', '', '', '', '', '', '', '', '', '', '', '', '', '', '', '', 'E', ''),
('', '০১-০১-১৯৭০', '', '', '', '', '', '', '', '', '', '', '', '', '', '', '', '', '', '', '', '', '', '', 'E', ''),
('৯৩৪৩৪০', '২১-০৭-২০২০', 'নুসরাত গুলজার', 'লেকচারার', 'মনোবিজ্ঞান বিভাগ', '২০২১', '৩য়', 'Pharmacy', '1103Organic Pharmacy', '', 'এম.এস.এস', '', 'পত্রের', '', '', '', '', '', '', '', '', '', '', '', 'E', ''),
('১৪৫৮৯৭', '২২-০৭-২০২০', 'ডঃ সৈয়দ মানজোরুল ইসলাম', 'খণ্ডকালীন শিক্ষক', ' মনোবিজ্ঞান বিভাগ', '২০২২', '৩য়', 'English', 'ENH 307 Introduction to Literary Criticism (Up to ', '', 'বি.এস সম্মান', '', 'থিসিসের', '', '', '', '', '', '', '', '', '', '', '', 'E', ''),
('৭০৫৫৯৩', '০৯-০৭-২০২০', 'নুসরাত গুলজার ( মনোবিজ্ঞান বিভাগ)', '', '', '২০২২', '২য়', 'Nuclear Engineering', '516 Nuclear Safeguards, Safety, Securities, Policy', '', 'বি.এস সম্মান', '', 'থিসিসের', '', '', '', '', '', '', '', '', '', '', '', 'E', ''),
('৭০৫৫৯৩', '০৯-০৭-২০২০', 'নুসরাত গুলজার ( মনোবিজ্ঞান বিভাগ)', '', '', '২০২২', '২য়', 'Nuclear Engineering', '516 Nuclear Safeguards, Safety, Securities, Policy', '', 'বি.এস সম্মান', '', 'থিসিসের', '', '', '', '', '', '', '', '', '', '', '', 'E', ''),
('৮৪১০৯৫', '০২-০৭-২০২০', 'ডঃ মাহফুজা খানম ( বাংলা বিভাগ)', '', '', '২০২০', '১ম', '', '', '', 'বি.এস সম্মান', '', 'কোর্সের', '', '', '', '', '', '', '', '', '', '', '', 'E', ''),
('৮৪১০৯৫', '০২-০৭-২০২০', 'ডঃ মাহফুজা খানম ( বাংলা বিভাগ)', '', '', '২০২২', '২য়', 'Nuclear Engineering', '516 Nuclear Safeguards, Safety, Securities, Policy', '', 'এম.এস.এস', '', 'পত্রের', '', '', '', '', '', '', '', '', '', '', '', 'E', ''),
('৮৪১০৯৫', '০২-০৭-২০২০', 'ডঃ মাহফুজা খানম ( বাংলা বিভাগ)', '', '', '২০২২', '২য়', 'Nuclear Engineering', '516 Nuclear Safeguards, Safety, Securities, Policy', '', 'এম.এস.এস', '', 'পত্রের', '', '', '', '', '', '', '', '', '', '', '', 'E', ''),
('৮৪১০৯৫', '০২-০৭-২০২০', 'ডঃ মাহফুজা খানম ( বাংলা বিভাগ)', '', '', '২০২২', '২য়', 'Nuclear Engineering', '', '', 'এম.এস.এস', '', 'পত্রের', '', '', '', '', '', '', '', '', '', '', '', 'E', ''),
('১৮৬১৯৬', '০২-০৭-২০২০', 'ডঃ কামাল উদ্দীন ( বাংলা বিভাগ)', '', '', '২০২৩', '১ম', 'History', '211501 History of the Emergence of Independent Ban', '', 'এম.এস.এস', '', 'কোর্সের', '', '', '', '', '', '', '', '', '', '', '', 'E', ''),
('১৮৬১৯৬', '০২-০৭-২০২০', 'ডঃ কামাল উদ্দীন ( বাংলা বিভাগ)', '', '', '২০২৩', '১ম', 'History', '211501 History of the Emergence of Independent Ban', '', 'এম.এস.এস', '', 'কোর্সের', '', '', '', '', '', '', '', '', '', '', '', 'E', ''),
('১৮৬১৯৬', '০২-০৭-২০২০', 'ডঃ কামাল উদ্দীন ( বাংলা বিভাগ)', '', '', '২০২৩', '১ম', 'History', '211501 History of the Emergence of Independent Ban', '', 'এম.এস.এস', '', 'কোর্সের', '', '', '', '', '', '', '', '', '', '', '', 'E', ''),
('৪১০২৫৮', '১৫-০৭-২০২০', '', '', '', '২০২১', '৩য়', 'English', 'ENH 307 Introduction to Literary Criticism (Up to ', '', 'বি.এস সম্মান', '', 'থিসিসের', '', '', '', '', '', '', '', '', '', '', '', 'E', ''),
('৪১০২৫৮', '১৫-০৭-২০২০', 'ডঃ সৈয়দ মানজোরুল ইসলাম', 'খণ্ডকালীন শিক্ষক', ' মনোবিজ্ঞান বিভাগ', '২০২১', '৩য়', 'English', '', '', 'বি.এস সম্মান', '', 'থিসিসের', '', '', '', '', '', '', '', '', '', '', '', 'E', ''),
('১৮৯২৭২', '২১-০৭-২০২০', '', '', '', '২০২২', '২য়', 'History', '211507 History of South Asia upto 1526', '', 'এম.এস', '', 'থিসিসের', '', '', '', '', '', '', '', '', '', '', '', 'E', ''),
('১৮৯২৭২', '২১-০৭-২০২০', '', '', '', '২০২২', '২য়', 'History', '211507 History of South Asia upto 1526', '', 'এম.এস', '', 'থিসিসের', '', '', '', '', '', '', '', '', '', '', '', 'E', ''),
('৩৩৮৪৯৬', '১৫-০৭-২০২০', '', '', '', '২০৩৭', '১ম', 'English', 'ENH 307 Introduction to Literary Criticism (Up to ', '', 'এম.এস.এস', '', 'কোর্সের', '', '', '', '', '', '', '', '', '', '', '', 'E', ''),
('৫৯৭১১৫', '০১-০৭-২০২০', '', '', '', '২০৪০', '২য়', 'English', 'ENH 201 Introduction to Drama ', '', 'এম.এ', '', 'পত্রের', '', '', '', '', '', '', '', '', '', '', '', 'E', ''),
('৫৯৭১১৫', '০১-০৭-২০২০', '', '', '', '২০৪০', '২য়', 'English', 'ENH 201 Introduction to Drama ', '', 'এম.এ', '', 'পত্রের', '', '', '', '', '', '', '', '', '', '', '', 'E', ''),
('৫০৭৩৬৮', '৩০-০৯-২০২০', 'ডঃ মাহফুজা খানম ', 'প্রফেসর', ' বাংলা বিভাগ', '২০৩৮', 'এম.এস.এস', 'English', '101', '', '২য়', '', 'পত্রের', '', '', '', '', '', '', '', '', '', '', '', '', ''),
('৮৪৭৯৬১', '২২-০৯-২০২০', 'ডঃ কামাল উদ্দীন ', 'প্রফেসর', 'বাংলা বিভাগ', '২০২৩', 'পত্রের', 'Nuclear Engineering', '301', '', '২য়', '', 'এম.এস.এস', '', '', '', '', '', '', '', '', '', '', '', '', '24-09-2020'),
('২৪৫৪১৮', '০২-০৯-২০২০', 'ডঃ সৈয়দ মানজোরুল ইসলাম ', 'খণ্ডকালীন শিক্ষক', ' মনোবিজ্ঞান বিভাগ', '২০২২', 'পত্রের', 'English', '', '', '২য়', '', 'এম.এস', '', '', '', '', '', '', '', '', '', '', '', '', '30-09-2020'),
('১৭০২৫২', '০৮-০৯-২০২০', 'ডঃ কামাল উদ্দীন ', 'প্রফেসর', 'বাংলা বিভাগ', '২০৩৭', 'পত্রের', 'History', '201', '', 'এম.এ', '', '২য়', '', '', '', '', '', '', '', '', '', '', '', 'Script scrutinizer', '23-09-2020'),
('৯০৫৯০৬', '১৭-০৯-২০২০', 'ডঃ মাহফুজা খানম ', 'প্রফেসর', ' বাংলা বিভাগ', '২০৩৮', '২য়', 'History', '203', '', 'এম.এস.এস', '', 'থিসিসের', '', '', '', '', '', '', '', '', '', '', '', 'Script scrutinizer', '24-09-2020'),
('৮৪৯১৩০', '০২-১০-২০২০', 'নুসরাত গুলজার ', 'লেকচারার', 'মনোবিজ্ঞান বিভাগ', '২০২২', '৩য়', 'Pharmacy', '401', '', 'এম.এস.এস', '', 'পত্রের', '', '', '', '', '', '', '', '', '', '', '', 'Script scrutinizer', '25-09-2020'),
('৫৫৭৫৮১', '03-09-2020', 'ডঃ কামাল উদ্দীন ', 'প্রফেসর', 'বাংলা বিভাগ', '২০২৩', '২য়', 'History', '201', '', 'এম.এ', '', 'থিসিসের', '', '', '', '', '', '', '', '', '', '', '', 'Script scrutinizer', '24-09-2020'),
('৪৪৪৮২৯', '02-09-2020', 'ডঃ সৈয়দ মানজোরুল ইসলাম ', 'খণ্ডকালীন শিক্ষক', ' মনোবিজ্ঞান বিভাগ', '২০৪১', '১ম', 'Nuclear Engineering', '301', '', 'এম.এস.এস', '', 'পত্রের', '', '', '', '', '', '', '', '', '', '', '', 'Script scrutinizer', '24-09-2020'),
('২৯২৮১৪', '09-09-2020', 'ডঃ মাহফুজা খানম ', 'প্রফেসর', ' বাংলা বিভাগ', '২০৩৬', '২য়', 'History', '201', '', 'এম.এ', '', 'থিসিসের', '', '', '', '', '', '', '', '', '', '', '', 'Script scrutinizer', '24-09-2020'),
('', '', '', '', '', '', '', '', '', '', '', '', '', '', '', '', '', '', '', '', '', '', '', '', '', ''),
('১৪২৩০১', '02-09-2020', 'ডঃ মাহফুজা খানম ', 'প্রফেসর', ' বাংলা বিভাগ', '২০২২', '৩য়', 'History', '202', '', 'এম.এ', '', 'পত্রের', '', '', '', '', '', '', '', '', '', '', '', 'Script scrutinizer', '01-10-2020'),
('৯৬৮৬৫৫', '10-09-2020', 'ডঃ মাহফুজা খানম ', 'প্রফেসর', ' বাংলা বিভাগ', '২০৩৭', '২য়', 'History', '201', '', 'এম.এ', '', 'কোর্সের', '', '', '', '', '', '', '', '', '', '', '', 'Script scrutinizer', '30-09-2020'),
('৮৯৯২১৯', '10-09-2020', 'ডঃ মাহফুজা খানম ', 'প্রফেসর', ' বাংলা বিভাগ', '২০৩৬', '২য়', 'Nuclear Engineering', '301', '', 'এম.এস', '', 'পত্রের', '', '', '', '', '', '', '', '', '', '', '', 'Script scrutinizer', '17-09-2020'),
('৩৩৯৮৬৫', '10-09-2020', 'ডঃ মাহফুজা খানম ', 'প্রফেসর', ' বাংলা বিভাগ', '২০২০', '১ম', 'History', '201', '', 'বি.এস সম্মান', '', 'থিসিসের', '', '', '', '', '', '', '', '', '', '', '', 'Script scrutinizer', '24-09-2020'),
('৬৮৯২৩৮', '03-09-2020', 'ডঃ মাহফুজা খানম ', 'প্রফেসর', ' বাংলা বিভাগ', '২০৪০', '১ম', 'Nuclear Engineering', '301', '', 'এম.এ', '', 'পত্রের', '', '', '', '', '', '', '', '', '', '', '', 'Script scrutinizer', '25-09-2020'),
('৭৫১১০৫', '29-09-2020', 'ডঃ মাহফুজা খানম ', 'প্রফেসর', ' বাংলা বিভাগ', '২০২০', '১ম', 'English', '101', '', 'বি.এস সম্মান', '', 'কোর্সের', '', '', '', '', '', '', '', '', '', '', '', 'Script scrutinizer', '08-10-2020'),
('৯৯৩৪৯৩', '29-09-2020', 'ডঃ মাহফুজা খানম ', 'প্রফেসর', ' বাংলা বিভাগ', '২০২০', '১ম', 'English', '101', '', 'বি.এস সম্মান', '', 'কোর্সের', '', '', '', '', '', '', '', '', '', '', '', 'Script scrutinizer', '01-10-2020');

-- --------------------------------------------------------

--
-- Table structure for table `signedfaculty`
--

CREATE TABLE `signedfaculty` (
  `teacher_id` int(11) NOT NULL,
  `nameEng` text NOT NULL,
  `nameBang` text NOT NULL,
  `dept` text NOT NULL,
  `designation` text NOT NULL,
  `email` varchar(30) NOT NULL,
  `phone` text NOT NULL,
  `password` text NOT NULL,
  `token` text NOT NULL,
  `tokenExpire` text NOT NULL,
  `status` tinyint(4) NOT NULL
) ENGINE=InnoDB DEFAULT CHARSET=utf8mb4;

--
-- Dumping data for table `signedfaculty`
--

INSERT INTO `signedfaculty` (`teacher_id`, `nameEng`, `nameBang`, `dept`, `designation`, `email`, `phone`, `password`, `token`, `tokenExpire`, `status`) VALUES
(34278761, 'Abdus Satter Rifat', 'আব্দুস সাত্তার রিফাত', 'Institute of Information Technology', 'সহকারী অধ্যাপক', 'abdus.satter@iit.du.ac.bd', '011223344', 'e10adc3949ba59abbe56e057f20f883e', '', '', 1),
(0, '\'', '\'', 'test', 'প্রভাষক', 'asd@asd.asd', '01555555556', 'a8f5f167f44f4964e6c998dee827110c', '', '', 1),
(60713922, 'Mahfuza', 'ডঃ মাহফুজা খানম', 'History', 'অধ্যাপক', 'bsse1018@iit.du.ac.bd', '017870274888', '25d55ad283aa400af464c76d713c07ad', '', '', 1),
(51717961, 'Junaid Mansur Ifti', 'Bangla', 'Institute of Information Technology', 'অধ্যাপক', 'bsse1027@iit.du.ac.bd', '+8801740022399', 'e10adc3949ba59abbe56e057f20f883e', 'ydeqh7og5k', '1601807418', 1),
(0, 'Tahsin', 'Promi', 'OK', 'প্রভাষক', 'db28111997@gmail.com', '112233445565', 'd54d1702ad0f8326224b817c796763c9', '7wq1ok8dja', '1586032515', 1),
(18482398, 'sdads', 'আব্দুস সাত্তার রিফাত', 'Institute of Information Technology', 'সহযোগী অধ্যাপক', 'hello@iit.du.ac.bd', '0122331', 'e10adc3949ba59abbe56e057f20f883e', '', '', 0),
(10196564, 'help', 'help', 'তথ্যপ্রযুক্তি ইন্সটিউট', 'প্রভাষক', 'help@iit.du.ac.bd', '1212121', 'e10adc3949ba59abbe56e057f20f883e', '', '', 0),
(0, 'Junaid Mansur Ifti', 'জুনায়েদ মনসুর ইফতি', 'IIT', 'সহকারী অধ্যাপক', 'iftitheshinoda@gmail.com', '01740022399', '25d55ad283aa400af464c76d713c07ad', 'rwqsypaok6', '1601305454', 1),
(0, 'XD', 'gg', 'mC college', 'সহকারী অধ্যাপক', 'jmmufti2001@gmail.com', '01317873994', 'e10adc3949ba59abbe56e057f20f883e', '', '', 1),
(0, 'Mostafa', 'Kamal', 'Department of English', 'সহকারী অধ্যাপক', 'mkmansur1962@gmail.com', '01711951510', 'd0970714757783e6cf17b26fb8e2298f', '', '', 1),
(0, 'Sadia', 'Sabrin', 'IIT', 'সহকারী অধ্যাপক', 'sadiasabrintarannum@gmail.com', '01627054197', 'ffbf837c962db04f6d0d1dfd2e55efce', 'ijl2gp59sy', '1586043033', 1),
(98132089, 'test', 'test', '', 'প্রভাষক', 'test@iit.du.ac.bd', '00112233', 'd54d1702ad0f8326224b817c796763c9', '', '', 0);

-- --------------------------------------------------------

--
-- Table structure for table `staff`
--

CREATE TABLE `staff` (
  `staff_id` int(11) NOT NULL,
  `staffName` varchar(50) NOT NULL,
  `StaffPhone` varchar(50) NOT NULL,
  `password` text NOT NULL
) ENGINE=InnoDB DEFAULT CHARSET=utf8mb4;

--
-- Dumping data for table `staff`
--

INSERT INTO `staff` (`staff_id`, `staffName`, `StaffPhone`, `password`) VALUES
(100100, 'Test', '00112233', 'e10adc3949ba59abbe56e057f20f883e'),
(101111, '', '', 'e10adc3949ba59abbe56e057f20f883e'),
(112233, '', '', 'e10adc3949ba59abbe56e057f20f883e'),
(123456, '', '', 'e10adc3949ba59abbe56e057f20f883e');

--
-- Indexes for dumped tables
--

--
-- Indexes for table `admin`
--
ALTER TABLE `admin`
  ADD PRIMARY KEY (`admin_id`);

--
-- Indexes for table `allfaculty`
--
ALTER TABLE `allfaculty`
  ADD PRIMARY KEY (`email`);

--
-- Indexes for table `emails`
--
ALTER TABLE `emails`
  ADD PRIMARY KEY (`ref_number`);

--
-- Indexes for table `signedfaculty`
--
ALTER TABLE `signedfaculty`
  ADD PRIMARY KEY (`email`);

--
-- Indexes for table `staff`
--
ALTER TABLE `staff`
  ADD PRIMARY KEY (`staff_id`);
COMMIT;

/*!40101 SET CHARACTER_SET_CLIENT=@OLD_CHARACTER_SET_CLIENT */;
/*!40101 SET CHARACTER_SET_RESULTS=@OLD_CHARACTER_SET_RESULTS */;
/*!40101 SET COLLATION_CONNECTION=@OLD_COLLATION_CONNECTION */;
